<?xml version="1.0" encoding="UTF-8"?>
<beans xmlns="http://www.springframework.org/schema/beans"
	xmlns:xsi="http://www.w3.org/2001/XMLSchema-instance"
	xmlns:p="http://www.springframework.org/schema/p"
	xsi:schemaLocation="http://www.springframework.org/schema/beans http://www.springframework.org/schema/beans/spring-beans.xsd">
	<bean id="collectionBean" class="collection.inject.CollectionBean">
		<property name="addressList">
			<list>
				<value>서울시 관악구 신림동</value>
				<value>서울시 강남구 역삼동</value>
			</list>
		</property>
		<property name="movieList">
			<set value-type="java.lang.String">
				<value>광해, 왕이된 남자</value>
				<value>어벤저스: 에이지 오브 울트론</value>
				<value>신과함께:인과 연</value>
				<value>광해, 왕이된 남자</value>
			</set>
		</property>
		<property name="prefList">
			<map>
				<entry>
					<key>
						<value>국어</value>
					</key>
					<value>90</value>
				</entry>
				<entry>
					<key>
						<value>수학</value>
					</key>
					<value>95</value>
				</entry>
			</map>
		</property>
		<property name="propList">
			<props>
				<prop key="username">이순신</prop>
				<prop key="age">37</prop>
			</props>
		</property>
		<property name="bookList" >
			<list>
				<ref bean = "book1"/>
				<ref bean = "book2"/>
			</list>
		</property>
	</bean>
	<bean id="book1" class="collection.inject.Book">
		<property name="title" value="고구려1"></property>
		<property name="author" value="김진명"></property>
		<property name="price" value="12800"></property>
	</bean>
		<bean id="book2" class="collection.inject.Book">
		<property name="title" value="고구려2"></property>
		<property name="author" value="김진명"></property>
		<property name="price" value="12800"></property>
	</bean>
</beans>
